<?xml version="1.0" encoding="UTF-8"?><rss version="2.0"
	xmlns:content="http://purl.org/rss/1.0/modules/content/"
	xmlns:wfw="http://wellformedweb.org/CommentAPI/"
	xmlns:dc="http://purl.org/dc/elements/1.1/"
	xmlns:atom="http://www.w3.org/2005/Atom"
	xmlns:sy="http://purl.org/rss/1.0/modules/syndication/"
	xmlns:slash="http://purl.org/rss/1.0/modules/slash/"
	>

<channel>
	<title>collane &#8211; Luce</title>
	<atom:link href="http://localhost/woocommerce1/categoria-prodotto/collane/feed/?simply_static_page=194" rel="self" type="application/rss+xml" />
	<link>./../../../index.html</link>
	<description></description>
	<lastBuildDate>Mon, 20 Mar 2023 14:02:38 +0000</lastBuildDate>
	<language>it-IT</language>
	<sy:updatePeriod>
	hourly	</sy:updatePeriod>
	<sy:updateFrequency>
	1	</sy:updateFrequency>
	<generator>https://wordpress.org/?v=6.1.1</generator>
	<item>
		<title>COLLANA BULLDOG PLACCATA ORO</title>
		<link>./../../../prodotto/collana-bulldog-placcata-oro/index.html</link>
					<comments>./../../../prodotto/collana-bulldog-placcata-oro/index.html#respond</comments>
		
		<dc:creator><![CDATA[alessia]]></dc:creator>
		<pubDate>Mon, 20 Mar 2023 14:01:24 +0000</pubDate>
				<guid isPermaLink="false">./../../../index.html?post_type=product#038;p=20</guid>

					<description><![CDATA[Didiè era un cagnolone allegro e vivace; nel giorno di Natale del 2021 ha avuto un infarto midollare, rimanendo così paralizzato alle zampe posteriori. È in questo momento che il suo padrone Giulio si è ritrovato davanti ad una scelta straziante: affidarsi a terapie lunghe e molto costose, senza avere alcuna sicurezza di recupero, o sopprimere Didiè. Giulio lo ha guardato negli occhi e gli ha chiesto: “Aiutami a decidere”. Dalla luce nei suoi occhi ha capito quanta voglia avesse di vivere. E allora hanno iniziato a lottare, insieme.

La missione di “Didié raccolta”, l’associazione benefica fondata da Giulio Topan, è davvero nobile: aiutare i proprietari in difficoltà a pagare le spese veterinarie, così che non siano costretti a prendere la difficile scelta di dire addio ai loro animali.

La mattina del 24 giugno Didiè è improvvisamente volato in cielo e questo è per noi un motivo ancora più importante per mandare avanti questa causa.]]></description>
										<content:encoded><![CDATA[<p><strong>INFORMAZIONI TECNICHE</strong></p>
<ul>
<li><em>Lunghezza catenina minima: 40,7 cm</em></li>
<li><em>Lunghezza catenina massima: 46,7 cm</em></li>
<li><em>Materiale</em>: argento 925 placcato oro</li>
<li>NON CONTIENE NICHEL</li>
</ul>
<p>&nbsp;</p>
<p>La dicitura <em>“placcato oro”</em> sta ad indicare il fatto che il gioiello sia internamente in argento 925 e venga poi “immerso” in un bagno d’oro affinchè la sua superficie ne sia ricoperta. Questo comporta il fatto che, se conservati nel modo sbagliato, i gioielli possano perdere la loro placcatura nel tempo.  A seconda del PH della pelle inoltre, la variante temporale può allungarsi o accorciarsi significativamente.</p>
<p>La collana è interamente in argento 925 e oro perciò <strong><em>non</em> <em>contiene nichel</em> </strong>nè altri metalli. A meno che chi lo indossa non sia allergico ad argento o oro, l’orecchino non provoca allergie.</p>
<p>All’interno del packaging si trovano:</p>
<ul>
<li>Istruzioni su come conservare al meglio il gioiello sia argento sia placcato oro.</li>
<li>Indicazioni su come agire qualora il gioiello si ossidasse.</li>
<li>Bustina adatta alla conservazione del gioiello qualora non venisse utilizzato per svariato tempo, che ne evita/rallenta l’ossidazione.</li>
<li>Indicazioni su se e come utilizzare il gioiello in acqua.</li>
</ul>
]]></content:encoded>
					
					<wfw:commentRss>./../../../prodotto/collana-bulldog-placcata-oro/feed/index.html</wfw:commentRss>
			<slash:comments>0</slash:comments>
		
		
			</item>
		<item>
		<title>CHOCKER FIOCCHI ARGENTO</title>
		<link>./../../../prodotto/chocker-fiocchi-argento/index.html</link>
					<comments>./../../../prodotto/chocker-fiocchi-argento/index.html#respond</comments>
		
		<dc:creator><![CDATA[alessia]]></dc:creator>
		<pubDate>Mon, 20 Mar 2023 13:58:49 +0000</pubDate>
				<guid isPermaLink="false">./../../../index.html?post_type=product#038;p=18</guid>

					<description><![CDATA[Ho voluto creare la collezione Amabilicious per rappresentare al meglio una delle caratteristiche fondamentali del mondo Amabile, la dolcezza. In questa capsule l’infinita raffinatezza dello smalto madreperlato incontra una nota di colore rosa. Indossando questi nuovi gioielli sarete subito catapultati in una Patisserie Parigina, da dove deriva la mia ispirazione. I soggetti principali di questa collezione sono: La Crostatina, il Lollipop, Il croissant, e i Fiocchetti. A me fanno venire l’acquolina in bocca, a voi?]]></description>
										<content:encoded><![CDATA[Ho voluto creare la collezione Amabilicious per rappresentare al meglio una delle caratteristiche fondamentali del mondo Amabile, la dolcezza. In questa capsule l’infinita raffinatezza dello smalto madreperlato incontra una nota di colore rosa. Indossando questi nuovi gioielli sarete subito catapultati in una Patisserie Parigina, da dove deriva la mia ispirazione. I soggetti principali di questa collezione sono: La Crostatina, il Lollipop, Il croissant, e i Fiocchetti. A me fanno venire l’acquolina in bocca, a voi?]]></content:encoded>
					
					<wfw:commentRss>./../../../prodotto/chocker-fiocchi-argento/feed/index.html</wfw:commentRss>
			<slash:comments>0</slash:comments>
		
		
			</item>
	</channel>
</rss>
